PHRASE,IS_SKILL
amazing business,n
team member,n
accounts officer,n
years experience,n
accounts tasks,n
functions – confirm,n
pay bills accounts,n
functions – issue invoices,n
reconcile reconcile accounts check supplier statements,n
client invoicing queries,n
download receipts,n
xero admin tasks,y
confirm audit documents,n
software conversions,n
related data feed authorities,n
raising invoices,n
hr documents,n
exiting staff,n
admin functions,n
team player,n
administration officer,n
plant services,n
operated company,n
providing quality tradespeople,n
industry sectors,n
heavy plant services,n
organized administration officer,n
administration role,n
payroll training,n
inductions accounts,n
knit team,n
multitask whilst,n
communication skills,y
cover letter,n
account service rock star,n
account service rock star boutique agency environment,n
offers flexibility,n
client services team,n
having fun,n
word team,n
work/life balance,n
sending memes,n
home options,n
managing budgets,y
years agency experience,n
marketing experience,y
client side,n
develop client relationships,n
manage expectations,n
executing marketing and/or brand strategies,n
presentation skills,y
management skills,y
schedule management,n
budget estimation,y
contributing ideas,n
business development,n
proven time management skills,y
budget management skills,y
attitude towards,n
baking skills,y
dog patting skills,y
is client,n
like variety,n
working folk,n
work life balance,n
have fun,n
enjoy taking advantage,n
night life,n
working environment,n
training budget,n
paid volunteer day,n
think excellence,n
role online,n
cover letter,n
michelle jones,n
have working rights,n
finance relationship manager,n
finance solutions,n
be relationship,n
agri sector,n
finance experience,y
growth oriented business,n
thera capital management,n
credit asset manager,n
agribusiness sector,n
fund livestock,n
crop inputs,n
growth oriented company,n
funding solutions,n
farmer customers,n
have relationship management experience,n
agri finance,n
growing client portfolios,n
are performance,n
have credit,n
analysis skills,y
marketing skills,y
time meeting customers,n
have experience,n
agribusiness customers,n
conduct site visits,n
prepare site visits reports,n
prepare customer financing proposals/credit applications,n
assist customers,n
financing process,n
customer reviews,n
base salary,n
motor vehicle allowance,n
phone allowance,n
performance driven bonus,n
customer care,n
client focused team,n
client case manager,n
debt management,n
customer service skills,y
customer service,n
customer service provide outcomes,n
customer care skills,y
take control,n
becoming debt,n
role work,n
build relationships,y
debt management insolvency solutions,n
experience build,n
backgrounds undertaking case-management,n
insolvency matters providing information,n
insolvency matters,n
position maintaining client records,n
meet workload,n
time frame,n
compliance requirements,n
supporting documents,n
telephone manner,n
computer skills,y
case management role,n
managing client relationships,y
explain concepts,n
influence people experience,n
part ix debt agreements/bankruptcy,n
call centre,n
qualification certificate iv,n
detail someone,n
is results focused showing respect,n
peoples life situations,n
flexible part time days/hours,n
working environment,n
job satisfaction,n
car washing service,n
flu shots,n
industry leader,n
opportunity employer,n
integrity checks,n
recruitment agencies,n
customer care client focused team,n
client case manager debt management,n
customer service skills customer service,n
customer service provide outcomes customer care skills,n
take control becoming debt,n
role work build relationships,n
debt management insolvency solutions experience build,n
backgrounds undertaking case-management insolvency matters providing information,n
insolvency matters position maintaining client records,n
meet workload time frame,n
compliance requirements supporting documents,n
telephone manner computer skills,y
case management role managing client relationships,n
explain concepts influence people experience,n
part ix debt agreements/bankruptcy call centre,n
qualification certificate iv detail someone,n
is results focused showing respect peoples life situations,n
flexible part time days/hours working environment,n
job satisfaction car washing service,n
flu shots industry leader,n
opportunity employer integrity checks,n
st john ambulance australia nsw,n
john nsw,n
have access,n
responsive healthcare,n
wellbeing support,n
need health coverage,n
community programs,n
aid training,n
school students,n
leadership development,n
emergency response,n
evacuation centres,n
empower communities,n
inspire confidence,n
take action,n
commissioner is part,n
st john,n
executive officer,n
strategy implementation,n
board director,n
commissioner brings knowledge,n
core skill,n
governance mindset,n
board directors,n
st john nsw,n
wider st john ambulance,n
volunteering practices,n
volunteer activities,n
communicator –,n
provide insight,n
risk management practices/policies,y
industry connections,n
board members,n
executive team,n
volunteer leaders,n
and/or community based objectives,n
devote time,n
support st john,n
leadership experience,y
track record,n
track record volunteer engagement,n
post graduate risk,n
governance experiences,n
’ d,n
express interest,n
[ link removed ],n
cover letter,n
board cv,n
please note,n
childrens check,y
police check,y
st john keeping children,n
balance adelaide,n
disability service provider,n
term accommodation,n
community support,n
specialist services,n
have experience providing support,n
is person,n
customer choice,n
model quality practice,n
service delivery,n
assist customer,y
have experience,n
care services,n
supporting customer safety,n
industry trends,n
yorke peninsula,n
pt lincoln regions,n
experience experience,n
services experience,y
teams using technology,n
share information experience,y
coaching others,n
team members,n
including quality,n
safeguarding requirements,n
dhs disability employment / ndis worker check,y
employment clearance,n
dcp childrens services,n
certificate iv,n
driver ’ s licence,y
work hours,n
remuneration package,n
sacrifice benefits,n
work environment,n
job paid training,n
career opportunities,n
growing organisation access,n
smart technology,n
remuneration package sacrifice benefits,n
cover letter,n
position description please click,n
discussion please,n
closing date,n
please note,n
construct team,n
help bring brands,n
project management,y
team members,n
role +,n
supporting project managers + site managers,y
quality projects,n
customer relations,n
coordinator council approvals,n
associated permits,n
contract management,n
material suppliers tendering including scope,n
recommendation reports,n
project manager,n
contractors invoices/progress claims,n
ensure compliance,n
project – scope,n
years ’ experience,n
contract administrator role,n
construction management,n
construction related qualification,n
delivery projects,n
project value,n
head contracts ’,n
project value <,n
organisation skills,y
foresee roadblocks,y
manage issues,y
experience managing,y
contract administrator,n
career path,n
industry leader,n
wed love,n
workplace experience,n
acil allen,n
data sets,n
support project leaders,n
excel skills,y
year experience,n
industry sectors,n
analysing information,y
delivering insight,n
answer client questions,n
report writing,n
client engagement,n
acil allen consulting acil allen,n
strategy advice,n
policy issues,n
track record,n
advising leaders,y
perth team,n
diverse portfolio spanning climate change,n
emissions reduction,n
management consulting,n
advisory services,y
consulting firm,n
value genuine insight,n
workplace flexibility,n
are self-starters,n
be leaders,n
generate insight,n
clients ’ issues,n
people access,n
career advice,n
cover letter,n
alexandra moreno,n
respected brisbane based company,n
manufacturing lgs frames,n
construction markets,n
truss detailer,n
detailing team,n
building market,n
value teamwork,n
truss detailer detailing team,n
modelling software,n
produce frame,n
truss designs,n
machine production files,n
shop drawings,n
site installation packs,n
working environment,n
work experience support,n
building expertise,n
timber frame,n
truss detailer construction using frames,n
computer model,n
working knowledge,n
construction processes,n
problem solving,n
product improvement is part,n
frame installers,n
above-average operating skills,n
design software,n
engineering software,n
vertex experience,y
designing and/or modelling software,n
brisbane hours,n
needs remuneration,n
detailing contractor,n
job requirement,n
admin @ superstructure.com.au sspl detailer po box,n
toowong qld,n
family run,n
childhood care,n
staff are dedicated professionals,n
childhood teacher,n
maternity cover centre director role,n
centre director returns,n
completed bachelor,y
childhood education,n
childcare centre director,n
children check,n
aid certificate,y
working knowledge,n
child care compliance,n
whs ability,n
working relationships,n
colleagues knowledge,n
laws regarding safety requirements,n
certification procedures,n
organisation skills,y
manage conflicting priorities,n
solutions orientated attitude,n
work ethic,y
office skills,y
ipad knowledge,y
role lead,n
promote team building,n
working morale,n
workplace values,n
company policy,n
including whs,n
staff performance,n
administration duties,n
rotating rosters,n
childcare discounts,n
career development opportunities,n
remuneration dedicated support,n
management team,n
opportunity workplace,n
supports inclusion,n
call rainbow leung,n
do airwork fixed wing division is part,n
airwork group,n
freighter aircraft,n
providing mro services,n
opportunity exists,n
boeing737-300/400 licensed aircraft maintenance engineers,n
growing team,n
brisbane airport,n
be part,n
line maintenance,n
be part let ’ s talk,n
service certification carry,n
scheduled line maintenance checks,n
service activity,n
base eic,n
certification aircraft flight,n
log book discrepancies,n
base eic service engineering duties,n
base eic delegate sign,n
work functions,n
airwork part,n
practice instructions,n
let ’ s talk,n
have demonstrated abilities,n
customer service,y
notch engineering skills,y
b1 license holder,n
certification experience,n
heights certificates have exercised license privileges,n
growing company,n
remuneration employee assistance program,n
please note,n
alcohol tests,y
contracting business supplying broadacre,n
camera spraying applications,n
liverpool plains district,n
spraying technology,n
date machinery practices,n
experience drivers,n
organisation skills,y
broadacre spraying,n
gps and/or rowcrop practices,n
spray operations,n
machine repairs,n
team members,n
benefits remuneration,n
benefits package,n
air battle manager,n
growler training team,n
base amberley,n
training solutions,n
training solutions quality staff,n
milskil air combat training support services team manages,n
growler training systems,n
simulation systems,n
mission support,n
training operations,n
courseware development,n
quality governance,n
air battle manager air warfare instructors course,n
battle director,n
had experience,n
operating multiple command,n
control systems,y
gained qualification,n
qualified aviation instructor,n
security clearance,n
world class fast jet,n
team environment,n
working environments,n
relocation packages,n
details contact,n
cynergex group,n
’ s leading provider,n
quality contextualised training,n
emergency medicine,n
care paramedic,n
emergency department,n
nurse background,y
education team,n
team provides high-quality,n
life support training courses,n
consider paramedics,n
emergency training,n
office admin duties,y
required re-stock training equipment,n
needed collection,n
course paperwork,n
interstate travel is required skills,y
drivers licence,n
communication skills minimum,y
emergency ambulance/nursing experience paramedic,n
nursing qualification,y
customer service skills flexibility,n
take pride,n
company culture,n
work travel,n
job button,n
cover letter,n
* ground schools,n
* *,n
business alliance airlines,n
airline services company providing charter aircraft operations,n
resources sector,n
business group travel,n
sporting teams,n
customer service focused people,n
opportunity suits individuals,n
customer service experience,y
rewarding environment,n
months validity,n
approved working visa,n
have been obtained post,n
drivers licence,y
work experience,y
face customer service related position,n
communication skills demonstrated ability,n
pressure ability,y
metres flexibility,n
police security check,y
cover letter,n
minimum requirements,n
including expiry dates,n
alliance recruitment process,n
alliance airlines,n
opportunity employer,n
values diversity,n
merit based organisation,n
aviation operation,n
hr/payroll software,n
status quo,n
youll be part,n
leadership team,n
written communication skills,y
clients satisfaction,n
team player,n
decision-making skills,y
level position,n
be part,n
customer experience,y
clients valued customers,n
systems database,y
administration background,y
providing consultancy training,n
software functionality payroll/hr/finance processes,n
systems experience payroll / hr software implementation providing consultancy training,n
software functionality candidates,n
payroll hr software,n
clients sites,n
show initiative,n
culture benefits,n
career development,n
work environment,n
provides quality,n
dont hesitate,n
antoinette boyd,n
attached cover letter,n
date resume,n
please note,n
solution designer / architect,n
payment platform solutions,n
payment solutions,n
align solutions,n
agreed policies,n
business needs,n
payment solution team,n
responsibilities drive solution designs initiatives,n
including technology,n
compliance recommendations,n
budget planning,n
reference architectures,n
banking develop,n
solution integration,n
architecture patterns,n
architecture governance approval,n
enterprise payment solutions,y
practice business solutions – payment / banking,n
payments industry,n
customer architecture,n
payment skills,y
banking / cards / payment,n
solution design,n
architecture deep,n
payments platform,n
payment orchestration,y
management/addressing service investigation types,n
mistaken payments,n
quality stakeholder engagement skills,y
diverse group,n
matter experts,n
do things,n
difference starts,n
helping people,n
lifestyle changes,n
capital planning,n
strategy team,n
capital team,n
including initiating,n
management initiatives,n
drive identification,n
optimise capital,n
company assess,n
capital impacts,n
reinsurance changes prepare,n
icaap reporting,n
capital forecasting,y
capital methodologies,n
requirements communicate,n
identifying opportunities,y
awareness experience,n
capital management,y
life insurance,n
actuarial standards detailed knowledge,n
experience investigations,n
presentation skills,y
help people,n
skills career development,n
mobility opportunities,n
business helping millions,n
’ s,n
someone ’,n
leave days,n
wellbeing initiatives,n
working arrangements applications,n
recruitment agencies,n
talent team,n
recruitment agency support,n
‘ apply ’ button,n
emily.vegas @ aia.com,n
requested information,n
career opportunity,n
curriculum development,n
courses teaching opportunities,n
graduate certificate,n
graduate diploma,n
masters level subjects,n
graduate school,n
seeking expressions,n
qualified individuals,n
develop curriculum,n
assessment marking,n
conduct lectures/tutorials,n
crime control areas,n
crime counter-terrorism,n
laundering cryptocurrencies,n
intelligence compliance criminology regulation,n
governance ethics,n
practice leadership,n
thinking kyc/cdd business,n
industry practice,n
teaching experience,y
crime control,n
teaching experience communication skills,y
charles sturt university,n
growing university,n
csu engineering,n
policing studies,n
graduate school excise studies,n
csu engineering faculty staff are leaders,n
community engagement,n
charles sturt university development opportunities,n
charles sturt university opportunity employer,n
work visa commensurate,n
application requirements,n
registration process,n
registration portal,n
registration process submit details,n
bank account,n
charles sturt university position description,n
douglas allan |,n
crime studies discipline lead,n
graduate school security| doallan @ csu.edu.au | ph,n
closing date,n
steel reinforcing production,n
steel reinforcing processor,n
exciting company,n
welding fabrication,n
steel reinforcing loading,n
working practices,n
production machinery experience,y
forklift licence,y
working knowledge,n
loading practices,n
concrete products,n
work environment,n
team player,n
business boutique,n
education sectors,n
brand strategy,n
marketing understanding,n
developing brochures,n
sale materials,n
marketing communication materials,n
marketing materials,n
media marketing campaigns,n
administration support,n
design initiatives,n
developing marketing communication pieces,n
customer base,n
trade shows,n
using excel,n
level reporting,n
sales presentations,n
marketing initiatives,n
work environment,n
art operating infrastructure,n
year marketing experience,n
marketing tools,n
design understanding,n
adobe illustrator,n
team building skills,y
cover letter,n
culture systems,n
culture metrics,n
deliver business benefit,n
culture systems evolution organisation,n
decision making identify,n
recommend business process,n
end user improvements,n
quality insights,n
day decision making location,n
opportunity employer,n
career environments,n
group office,n
foster development,n
c systems,y
culture information system,n
analysing people,n
culture data,n
work culture,n
business optimisation,n
result areas,n
providing advice,n
culture systems supporting implementation,n
ensure compliance,n
ensuring data,n
c system,y
c systems successfactors system projects,y
including system development,n
employee organisation,n
gathering requirements,n
defining report specifications,n
reporting skills,y
influencing skills,y
closing date,n
@ evolutionmining.com,n
be part,n
skilled team,n
’ ll,n
make decisions,n
evolution vision,n
application process,n
systems people,n
maternity leave vacancy,n
estate career,n
receptionist service,n
telephone manner,y
use initiative,n
front desk duties,n
greeting clients,n
outgoing calls,n
property management departments,n
trust receipting,n
mail preparation,n
estate documents,n
role position,n
police check,n
taking pride,n
time management,n
communication skills,y
team player,n
uniform business,n
respected supplier,n
industry sectors,n
including schools,n
embroidery machines,n
manufacturing capability,n
school uniforms,n
core values,n
communication excellence,n
level pursue growth,n
take responsibility,n
actions drive change –,n
solutions team member,n
involves maintaining inventory,n
customer levels,n
seamless workflow,n
purchasing guru,n
computer skills,y
decision making skills ability,n
customer relationships,n
time management,y
team player,n
established problem-solving,n
jim2 software experience,
excel experience,
industry experience,
maintaining inventory,
core values………,
cover letter,
account executive,
love sales,
account management,
sales career,
expansion plans,
sydney office,
sales manager,
zealand head office,
key account executive,
account management developing head office relationships/partnerships,
wider nsw state,
customer base,
candidate is sales,
add value,
store level,
vendor refill,
training store staff,
head office level relationship,
sales manager core strength,
business qualification,
existing relationships,
head office levels,
analyzing sales data,
customer insights,
grow sales,
create opportunities,
maximizing placement,
display skills experience,
customer administration,
accompanies head office key account management,
develop accounts,
level competent,
creating excel,
word documents,
pc skills ability,
attend meetings/presentations,
wider nsw state customers ’ business,
add value beauty/skincare products,
including phone,
company vehicle,
bonus scheme,
term contract role,
business sensient technologies corporation,
develop specialty food,
beverage systems,
specialty colors,
companys customers,
benefits package,
opportunity employer,
team sensient,
role assist,
colour matching,
develop colour products,
customer requirements,
localization requirements,
colour products,
recommend improvements,
develop materials,
product requirements,
manufacturing procedures,
developed products,
production validations,
validate procedures,
recommend improvements product development,
support sales staff,
provide assistance,
sales departments,
support business objectives,
keep abreast,
product trends,
market launches,
trade organizations,
serve customers,
client requirements,
team leader/supervisor/manage skills,
bachelor degree,
master degree,
chemical engineering,
food science,
process development experience,
quality systems,
instrument knowledge,
testing knowledge,
explain results,
are seeking industry experts,
work life balance,
job tasks,
partnerships manager,
gregory hills,
sale referrals,
student training,
auditing iso system,
partnership model,
knowledge products,
industry contacts,
keep working,
industry expertise,
ideal applicant,
industry audits,
risk management,
responsibility trainer,
management systems demonstrated experience,
training development,
level knowledge,
level knowledge quality training framework irca,
recruitment agencies job benefits,
contact details,
spc_cb @ carlile.com.au carlile swimming,
cherrybrook centre,
aqua aerobics classes,
aqua exercise leaders,
and/or austswim wets,
hltaid003 certificate,
resuscitation techniques certificate work health,
safety awareness,
children check clearance,
child protection,
number classes,
olivia lickley,
spc_cb @ carlile.com.au apply,
have plenty,
have fun,
hvac air conditioning service tech / refrigeration mechanic,
provide service,
cooling systems,
cooling company,
installation techs,
career move,
paid day,
company vehicle,
year tool allowance uniforms,
model van,
bloke ‘,
cooling systems rac refrigeration license,
train apprentices,
cooling services,
take pride,
people skills,
fellow workmates,
ducted gas heating service procedures,
youtube video,
stephen maitland,
PHRASE,IS_SKILL
,
amazing business,
team member,
accounts officer,
years experience,
accounts tasks,
functions – confirm,
pay bills accounts,
functions – issue invoices,
reconcile reconcile accounts check supplier statements,
client invoicing queries,
download receipts,
xero admin tasks,
confirm audit documents,
software conversions,
related data feed authorities,
raising invoices,
hr documents,
exiting staff,
admin functions,
team player,
administration officer,
plant services,
operated company,
providing quality tradespeople,
industry sectors,
heavy plant services,
organized administration officer,
administration role,
payroll training,
inductions accounts,
knit team,
multitask whilst,
communication skills,
cover letter,
account service rock star,
account service rock star boutique agency environment,
offers flexibility,
client services team,
having fun,
word team,
work/life balance,
sending memes,
home options,
managing budgets,
years agency experience,
marketing experience,
client side,
develop client relationships,
manage expectations,
executing marketing and/or brand strategies,
presentation skills,
management skills,
schedule management,
budget estimation,
contributing ideas,
business development,
proven time management skills,
budget management skills,
attitude towards,
baking skills,
dog patting skills,
is client,
like variety,
working folk,
work life balance,
have fun,
enjoy taking advantage,
night life,
working environment,
training budget,
paid volunteer day,
think excellence,
role online,
cover letter,
michelle jones,
have working rights,
finance relationship manager,
finance solutions,
be relationship,
agri sector,
finance experience,
growth oriented business,
thera capital management,
credit asset manager,
agribusiness sector,
fund livestock,
crop inputs,
growth oriented company,
funding solutions,
farmer customers,
have relationship management experience,
agri finance,
growing client portfolios,
are performance,
have credit,
analysis skills,
marketing skills,
time meeting customers,
have experience,
agribusiness customers,
conduct site visits,
prepare site visits reports,
prepare customer financing proposals/credit applications,
assist customers,
financing process,
customer reviews,
base salary,
motor vehicle allowance,
phone allowance,
performance driven bonus,
customer care,
client focused team,
client case manager,
debt management,
customer service skills,
customer service,
customer service provide outcomes,
customer care skills,
take control,
becoming debt,
role work,
build relationships,
debt management insolvency solutions,
experience build,
backgrounds undertaking case-management,
insolvency matters providing information,
insolvency matters,
position maintaining client records,
meet workload,
time frame,
compliance requirements,
supporting documents,
telephone manner,
computer skills,
case management role,
managing client relationships,
explain concepts,
influence people experience,
part ix debt agreements/bankruptcy,
call centre,
qualification certificate iv,
detail someone,
is results focused showing respect,
peoples life situations,
flexible part time days/hours,
working environment,
job satisfaction,
car washing service,
flu shots,
industry leader,
opportunity employer,
integrity checks,
recruitment agencies,
customer care client focused team,
client case manager debt management,
customer service skills customer service,
customer service provide outcomes customer care skills,
take control becoming debt,
role work build relationships,
debt management insolvency solutions experience build,
backgrounds undertaking case-management insolvency matters providing information,
insolvency matters position maintaining client records,
meet workload time frame,
compliance requirements supporting documents,
telephone manner computer skills,
case management role managing client relationships,
explain concepts influence people experience,
part ix debt agreements/bankruptcy call centre,
qualification certificate iv detail someone,
is results focused showing respect peoples life situations,
flexible part time days/hours working environment,
job satisfaction car washing service,
flu shots industry leader,
opportunity employer integrity checks,
st john ambulance australia nsw,
john nsw,
have access,
responsive healthcare,
wellbeing support,
need health coverage,
community programs,
aid training,
school students,
leadership development,
emergency response,
evacuation centres,
empower communities,
inspire confidence,
take action,
commissioner is part,
st john,
executive officer,
strategy implementation,
board director,
commissioner brings knowledge,
core skill,
governance mindset,
board directors,
st john nsw,
wider st john ambulance,
volunteering practices,
volunteer activities,
communicator –,
provide insight,
risk management practices/policies,
industry connections,
board members,
executive team,
volunteer leaders,
and/or community based objectives,
devote time,
support st john,
leadership experience,
track record,
track record volunteer engagement,
post graduate risk,
governance experiences,
’ d,
express interest,
[ link removed ],
cover letter,
board cv,
please note,
childrens check,
police check,
st john keeping children,
balance adelaide,
disability service provider,
term accommodation,
community support,
specialist services,
have experience providing support,
is person,
customer choice,
model quality practice,
service delivery,
assist customer,
have experience,
care services,
supporting customer safety,
industry trends,
yorke peninsula,
pt lincoln regions,
experience experience,
services experience,
teams using technology,
share information experience,
coaching others,
team members,
including quality,
safeguarding requirements,
dhs disability employment / ndis worker check,
employment clearance,
dcp childrens services,
certificate iv,
driver ’ s licence,
work hours,
remuneration package,
sacrifice benefits,
work environment,
job paid training,
career opportunities,
growing organisation access,
smart technology,
remuneration package sacrifice benefits,
cover letter,
position description please click,
discussion please,
closing date,
please note,
construct team,
help bring brands,
project management,
team members,
role +,
supporting project managers + site managers,
quality projects,
customer relations,
coordinator council approvals,
associated permits,
contract management,
material suppliers tendering including scope,
recommendation reports,
project manager,
contractors invoices/progress claims,
ensure compliance,
project – scope,
years ’ experience,
contract administrator role,
construction management,
construction related qualification,
delivery projects,
project value,
head contracts ’,
project value <,
organisation skills,
foresee roadblocks,
manage issues,
experience managing,
contract administrator,
career path,
industry leader,
wed love,
workplace experience,
acil allen,
data sets,
support project leaders,
excel skills,
year experience,
industry sectors,
analysing information,
delivering insight,
answer client questions,
report writing,
client engagement,
acil allen consulting acil allen,
strategy advice,
policy issues,
track record,
advising leaders,
perth team,
diverse portfolio spanning climate change,
emissions reduction,
management consulting,
advisory services,
consulting firm,
value genuine insight,
workplace flexibility,
are self-starters,
be leaders,
generate insight,
clients ’ issues,
people access,
career advice,
cover letter,
alexandra moreno,
respected brisbane based company,
manufacturing lgs frames,
construction markets,
truss detailer,
detailing team,
building market,
value teamwork,
truss detailer detailing team,
modelling software,
produce frame,
truss designs,
machine production files,
shop drawings,
site installation packs,
working environment,
work experience support,
building expertise,
timber frame,
truss detailer construction using frames,
computer model,
working knowledge,
construction processes,
problem solving,
product improvement is part,
frame installers,
above-average operating skills,
design software,
engineering software,
vertex experience,
designing and/or modelling software,
brisbane hours,
needs remuneration,
detailing contractor,
job requirement,
admin @ superstructure.com.au sspl detailer po box,
toowong qld,
family run,
childhood care,
staff are dedicated professionals,
childhood teacher,
maternity cover centre director role,
centre director returns,
completed bachelor,
childhood education,
childcare centre director,
children check,
aid certificate,
working knowledge,
child care compliance,
whs ability,
working relationships,
colleagues knowledge,
laws regarding safety requirements,
certification procedures,
organisation skills,
manage conflicting priorities,
solutions orientated attitude,
work ethic,
office skills,
ipad knowledge,
role lead,
promote team building,
working morale,
workplace values,
company policy,
including whs,
staff performance,
administration duties,
rotating rosters,
childcare discounts,
career development opportunities,
remuneration dedicated support,
management team,
opportunity workplace,
supports inclusion,
call rainbow leung,
do airwork fixed wing division is part,
airwork group,
freighter aircraft,
providing mro services,
opportunity exists,
boeing737-300/400 licensed aircraft maintenance engineers,
growing team,
brisbane airport,
be part,
line maintenance,
be part let ’ s talk,
service certification carry,
scheduled line maintenance checks,
service activity,
base eic,
certification aircraft flight,
log book discrepancies,
base eic service engineering duties,
base eic delegate sign,
work functions,
airwork part,
practice instructions,
let ’ s talk,
have demonstrated abilities,
customer service,
notch engineering skills,
b1 license holder,
certification experience,
heights certificates have exercised license privileges,
growing company,
remuneration employee assistance program,
please note,
alcohol tests,
contracting business supplying broadacre,
camera spraying applications,
liverpool plains district,
spraying technology,
date machinery practices,
experience drivers,
organisation skills,
broadacre spraying,
gps and/or rowcrop practices,
spray operations,
machine repairs,
team members,
benefits remuneration,
benefits package,
air battle manager,
growler training team,
base amberley,
training solutions,
training solutions quality staff,
milskil air combat training support services team manages,
growler training systems,
simulation systems,
mission support,
training operations,
courseware development,
quality governance,
air battle manager air warfare instructors course,
battle director,
had experience,
operating multiple command,
control systems,
gained qualification,
qualified aviation instructor,
security clearance,
world class fast jet,
team environment,
working environments,
relocation packages,
details contact,
cynergex group,
’ s leading provider,
quality contextualised training,
emergency medicine,
care paramedic,
emergency department,
nurse background,
education team,
team provides high-quality,
life support training courses,
consider paramedics,
emergency training,
office admin duties,
required re-stock training equipment,
needed collection,
course paperwork,
interstate travel is required skills,
drivers licence,
communication skills minimum,
emergency ambulance/nursing experience paramedic,
nursing qualification,
customer service skills flexibility,
take pride,
company culture,
work travel,
job button,
cover letter,
* ground schools,
* *,
business alliance airlines,
airline services company providing charter aircraft operations,
resources sector,
business group travel,
sporting teams,
customer service focused people,
opportunity suits individuals,
customer service experience,
rewarding environment,
months validity,
approved working visa,
have been obtained post,
drivers licence,
work experience,
face customer service related position,
communication skills demonstrated ability,
pressure ability,
metres flexibility,
police security check,
cover letter,
minimum requirements,
including expiry dates,
alliance recruitment process,
alliance airlines,
opportunity employer,
values diversity,
merit based organisation,
aviation operation,
hr/payroll software,
status quo,
youll be part,
leadership team,
written communication skills,
clients satisfaction,
team player,
decision-making skills,
level position,
be part,
customer experience,
clients valued customers,
systems database,
administration background,
providing consultancy training,
software functionality payroll/hr/finance processes,
systems experience payroll / hr software implementation providing consultancy training,
software functionality candidates,
payroll hr software,
clients sites,
show initiative,
culture benefits,
career development,
work environment,
provides quality,
dont hesitate,
antoinette boyd,
attached cover letter,
date resume,
please note,
solution designer / architect,
payment platform solutions,
payment solutions,
align solutions,
agreed policies,
business needs,
payment solution team,
responsibilities drive solution designs initiatives,
including technology,
compliance recommendations,
budget planning,
reference architectures,
banking develop,
solution integration,
architecture patterns,
architecture governance approval,
enterprise payment solutions,
practice business solutions – payment / banking,
payments industry,
customer architecture,
payment skills,
banking / cards / payment,
solution design,
architecture deep,
payments platform,
payment orchestration,
management/addressing service investigation types,
mistaken payments,
quality stakeholder engagement skills,
diverse group,
matter experts,
do things,
difference starts,
helping people,
lifestyle changes,
capital planning,
strategy team,
capital team,
including initiating,
management initiatives,
drive identification,
optimise capital,
company assess,
capital impacts,
reinsurance changes prepare,
icaap reporting,
capital forecasting,
capital methodologies,
requirements communicate,
identifying opportunities,
awareness experience,
capital management,
life insurance,
actuarial standards detailed knowledge,
experience investigations,
presentation skills,
help people,
skills career development,
mobility opportunities,
business helping millions,
’ s,
someone ’,
leave days,
wellbeing initiatives,
working arrangements applications,
recruitment agencies,
talent team,
recruitment agency support,
‘ apply ’ button,
emily.vegas @ aia.com,
requested information,
career opportunity,
curriculum development,
courses teaching opportunities,
graduate certificate,
graduate diploma,
masters level subjects,
graduate school,
seeking expressions,
qualified individuals,
develop curriculum,
assessment marking,
conduct lectures/tutorials,
crime control areas,
crime counter-terrorism,
laundering cryptocurrencies,
intelligence compliance criminology regulation,
governance ethics,
practice leadership,
thinking kyc/cdd business,
industry practice,
teaching experience,
crime control,
teaching experience communication skills,
charles sturt university,
growing university,
csu engineering,
policing studies,
graduate school excise studies,
csu engineering faculty staff are leaders,
community engagement,
charles sturt university development opportunities,
charles sturt university opportunity employer,
work visa commensurate,
application requirements,
registration process,
registration portal,
registration process submit details,
bank account,
charles sturt university position description,
douglas allan |,
crime studies discipline lead,
graduate school security| doallan @ csu.edu.au | ph,
closing date,
steel reinforcing production,
steel reinforcing processor,
exciting company,
welding fabrication,
steel reinforcing loading,
working practices,
production machinery experience,
forklift licence,
working knowledge,
loading practices,
concrete products,
work environment,
team player,
business boutique,
education sectors,
brand strategy,
marketing understanding,
developing brochures,
sale materials,
marketing communication materials,
marketing materials,
media marketing campaigns,
administration support,
design initiatives,
developing marketing communication pieces,
customer base,
trade shows,
using excel,
level reporting,
sales presentations,
marketing initiatives,
work environment,
art operating infrastructure,
year marketing experience,
marketing tools,
design understanding,
adobe illustrator,
team building skills,
cover letter,
culture systems,
culture metrics,
deliver business benefit,
culture systems evolution organisation,
decision making identify,
recommend business process,
end user improvements,
quality insights,
day decision making location,
opportunity employer,
career environments,
group office,
foster development,
c systems,
culture information system,
analysing people,
culture data,
work culture,
business optimisation,
result areas,
providing advice,
culture systems supporting implementation,
ensure compliance,
ensuring data,
c system,
c systems successfactors system projects,
including system development,
employee organisation,
gathering requirements,
defining report specifications,
reporting skills,
influencing skills,
closing date,
@ evolutionmining.com,
be part,
skilled team,
’ ll,
make decisions,
evolution vision,
application process,
systems people,
maternity leave vacancy,
estate career,
receptionist service,
telephone manner,
use initiative,
front desk duties,
greeting clients,
outgoing calls,
property management departments,
trust receipting,
mail preparation,
estate documents,
role position,
police check,
taking pride,
time management,
communication skills,
team player,
uniform business,
respected supplier,
industry sectors,
including schools,
embroidery machines,
manufacturing capability,
school uniforms,
core values,
communication excellence,
level pursue growth,
take responsibility,
actions drive change –,
solutions team member,
involves maintaining inventory,
customer levels,
seamless workflow,
purchasing guru,
computer skills,
decision making skills ability,
customer relationships,
time management,
team player,
established problem-solving,
jim2 software experience,
excel experience,
industry experience,
maintaining inventory,
core values………,
cover letter,
account executive,
love sales,
account management,
sales career,
expansion plans,
sydney office,
sales manager,
zealand head office,
key account executive,
account management developing head office relationships/partnerships,
wider nsw state,
customer base,
candidate is sales,
add value,
store level,
vendor refill,
training store staff,
head office level relationship,
sales manager core strength,
business qualification,
existing relationships,
head office levels,
analyzing sales data,
customer insights,
grow sales,
create opportunities,
maximizing placement,
display skills experience,
customer administration,
accompanies head office key account management,
develop accounts,
level competent,
creating excel,
word documents,
pc skills ability,
attend meetings/presentations,
wider nsw state customers ’ business,
add value beauty/skincare products,
including phone,
company vehicle,
bonus scheme,
term contract role,
business sensient technologies corporation,
develop specialty food,
beverage systems,
specialty colors,
companys customers,
benefits package,
opportunity employer,
team sensient,
role assist,
colour matching,
develop colour products,
customer requirements,
localization requirements,
colour products,
recommend improvements,
develop materials,
product requirements,
manufacturing procedures,
developed products,
production validations,
validate procedures,
recommend improvements product development,
support sales staff,
provide assistance,
sales departments,
support business objectives,
keep abreast,
product trends,
market launches,
trade organizations,
serve customers,
client requirements,
team leader/supervisor/manage skills,
bachelor degree,
master degree,
chemical engineering,
food science,
process development experience,
quality systems,
instrument knowledge,
testing knowledge,
explain results,
are seeking industry experts,
work life balance,
job tasks,
partnerships manager,
gregory hills,
sale referrals,
student training,
auditing iso system,
partnership model,
knowledge products,
industry contacts,
keep working,
industry expertise,
ideal applicant,
industry audits,
risk management,
responsibility trainer,
management systems demonstrated experience,
training development,
level knowledge,
level knowledge quality training framework irca,
recruitment agencies job benefits,
contact details,
spc_cb @ carlile.com.au carlile swimming,
cherrybrook centre,
aqua aerobics classes,
aqua exercise leaders,
and/or austswim wets,
hltaid003 certificate,
resuscitation techniques certificate work health,
safety awareness,
children check clearance,
child protection,
number classes,
olivia lickley,
spc_cb @ carlile.com.au apply,
have plenty,
have fun,
hvac air conditioning service tech / refrigeration mechanic,
provide service,
cooling systems,
cooling company,
installation techs,
career move,
paid day,
company vehicle,
year tool allowance uniforms,
model van,
bloke ‘,
cooling systems rac refrigeration license,
train apprentices,
cooling services,
take pride,
people skills,
fellow workmates,
ducted gas heating service procedures,
youtube video,
stephen maitland,
PHRASE,IS_SKILL
PHRASE,IS_SKILL
