TEXT,TARGET
coreldraw,1
orientation,1
assisting with daily living tasks,1
writing reports,1
representing patient during visits to healthcare providers,1
dependability,1
"workplace chat (slack, microsoft teams, etc. ) ",1
matlab,1
comforting distressed patients,1
business development,1
approachability,1
arc welding,1
analyze information and draw conclusions,1
color schemes,1
accounting standards,1
"chemical technician: $49,260",1
federal laws,1
"research, qualitative skills",1
entity establishment,1
positivity,1
wedding photography,1
website development,1
maya,1
social media analytics,1
interpreting artwork for the general public,1
creative,1
lifestyle photography,1
layout,1
creating assignments and exams.,1
calculating quantities of materials required,1
front end operations,1
handling detailed work,1
soliciting feedback from customers,1
css,1
chiseling,1
reliable,1
algebra,1
productivity software,1
filling cracks and holes with putty and caulk,1
administration,1
inductive reasoning,1
networking,1
accounts receivable,1
achieve sales goals,1
pitch delivery,1
office coordination,1
organizational skills,1
"solid command of point-of-sale technologies, including use of cash register, computer, telephone, barcode scanners, receipt printers, and debit/credit card readers.",1
tailoring communication to different age groups,1
customer service cover letter,1
precision,1
merchandising,1
maintaining composure,1
food preparation,1
problem solving,1
building house foundations,1
constructing consumer surveys,1
excel,1
handling inquiries,1
applying strategies for enhancing employee relations,1
customer assistance,1
developing strategies for recruiting workers,1
promote engagement,1
client relations,1
seasoning,1
ui / ux,1
omni media,1
structure,1
outgoing,1
creative thinking,1
sawing,1
data management,1
suggesting ways to enhance productivity,1
quality consciousness,1
credit cards,1
interpreting specifications,1
integrating visual messages within social media platforms,1
leadership,1
numeracy,1
maintaining a diverse clientele,1
building plans,1
discretion,1
measuring spaces to be covered with paint,1
evaluating information systems for human resources,1
equipment maintenance,1
human resource planning,1
nonverbal communication,1
motivating others,1
working independently ,1
recipe design,1
flexible schedule,1
identifying target audience,1
persistence,1
paperwork,1
responsible,1
write and edit product publications,1
sell tickets to guests,1
estimates,1
emotional intelligence,1
team manager,1
"communicate effectively with customers from all walks of life, with native fluency in english and basic command of spanish.",1
web services,1
comparable worth,1
oxy-fuel welding,1
business continuity planning,1
construction equipment,1
new hire paperwork,1
evaluating the effectiveness of advertising campaigns,1
"changing simple, unsterile wound dressings",1
organizational,1
learning new technologies,1
customer service,1
accounting principles,1
supervising staff,1
ui toolkits and frameworks,1
spreadsheets,1
promoting services,1
woodworking,1
"top 10% annual salary: more than $40,872 ($19.65/hour)",1
database management,1
monitor growth,1
booking show tickets,1
"information clerks: $33,680",1
document management,1
maintaining confidentiality,1
business correspondence,1
scanner use,1
"lead your phrases with skill words like “resolved problems with scheduling, calculated equipment settings, and comforted agitated patients.”",1
version repository,1
evaluations,1
building repair,1
plumbing,1
include skills in your job application materials: hiring managers are going to give greater consideration to job candidates whose applications “fit” the requirements of their job announcement most closely.,1
perl,1
errands,1
carry out experiments and research according to protocols laid out by primary researchers,1
refrigeration,1
geometry,1
completing analyses of competitors,1
engagement,1
web applications,1
interviewing sales staff to gauge customer responses to brands,1
integration,1
valuing the organization,1
optimism,1
limit product complexity,1
"planned all details for highly successful client relations events including golf and tennis resort weekends, seminars on financial planning, and stockholder banquets.",1
metal lathing,1
independent worker,1
basic math,1
building site supervision,1
provide business services,1
software support,1
point of sale systems (pos),1
heat control,1
creating and maintaining a comfortable learning environment.,1
secure tickets for events,1
energy,1
sourcing,1
ordering office supplies,1
devising press releases,1
embedded processor hardware design,1
creating receipts,1
conveying patient concerns to nursing staff,1
alcoholic and non-alcohol drinks,1
implementing actions,1
c,1
building outlines,1
completed well-received doctoral research on alternative pathways of t-cell phagocytic cell activation. (a forthcoming article will be published in the journal of molecular research.),1
content strategy,1
depth perception,1
create presentation slides and posters to help researchers present findings,1
project management,1
handling glassware,1
adapting to changing business conditions,1
brainstorming,1
delivering mail,1
not afraid to fail.,1
digital printing,1
branded content,1
freelancing,1
designing exercise programs,1
renovation,1
investments,1
targeting visual communications to demographic groups,1
staffing,1
housecleaning,1
cleanliness,1
organize building materials,1
monitoring changes in the physical and psychological condition of patients,1
first aid,1
high-energy,1
stock management,1
kitchen tools,1
film development,1
cooking techniques,1
making change,1
following instructions,1
engaging,1
assessing customer support needs,1
business intelligence,1
"manage lab operation, including training and supervising student lab assistants.",1
administrative ,1
restoration,1
tact,1
concierge,1
employee sourcing,1
writing advertising copy,1
promote facilities and services,1
collect and log experimental data,1
aed/cpr,1
retail construction,1
knowledge of anatomy,1
strong attention to detail,1
paneling,1
positive outlook,1
money handling,1
maintain database of local information,1
improve competitiveness,1
outlook,1
safety techniques,1
manage freelancers,1
deliver orders,1
ensuring that patients take prescribed medications at the right time,1
applying radio-opaque contrast media solutions,1
strong leadership,1
video creation software,1
"applying adhesives, sealants, and caulk",1
welding,1
specifications,1
installing systems,1
interpreting clinical information about patients,1
steady hands,1
scheduling.,1
verbal communication,1
microsoft office,1
client relationship management (crm) software,1
resilience,1
applying strategies for targeting to marketing projects ,1
"writing proposals for business initiatives or projects, vision",1
fact checking,1
receptionist,1
plumbing installations,1
conducting interviews,1
pursue ongoing learning about new systems and materials,1
strong understanding of product features and user needs,1
content management,1
interacting with individuals from diverse backgrounds,1
goal setting,1
portrait photography,1
interviewing customers to ascertain preferences ,1
utilizing presentation software,1
listening to patients,1
corel wordperfect,1
feeding materials through equipment,1
appointment setting,1
be respective.,1
architectural rendering,1
job task planning and organizing,1
construction reports,1
monetary transactions,1
understanding clients’ artistic preferences,1
bank deposits,1
coping with bodily fluids and excretions,1
source code,1
listening.,1
soliciting customer feedback to improve service,1
machine learning,1
lifting considerable weight,1
baking techniques,1
technical aptitude,1
safe food handling,1
sketching,1
adapting to the changing needs of students.,1
recommendations,1
"always maintains a positive and consummately professional demeanor, with the ability to instill the trust and engagement of others.",1
repairing malfunctioning equipment,1
technical vision,1
covering spaces not targeted for painting,1
defining target audiences,1
typesetting,1
c#,1
resiliency,1
math,1
cascading style sheets (css),1
good eyesight,1
understanding of intellectual property,1
end user support,1
adobe creative suite,1
safety,1
accounting techniques,1
"multitasking capability: a phone call will inevitably come in while you're still on the line with someone else. you'll have to greet the new caller, then switch back. meanwhile, three people might be waiting in person to talk to you. you'll have to keep the needs of each person separate in your mind, not neglect anyone, and not get overwhelmed or frustrated.",1
"constructing building frameworks, including walls, floors, and doorframes",1
"median annual salary: $28,392 ($13.65/hour)",1
utilizing planning software,1
reconciling cash drawers,1
tools,1
finding information,1
open minded,1
gift cards,1
fortran,1
selling,1
client support,1
heavy equipment operation,1
accessing confined spaces,1
administrative assistant cover letter,1
analyzing consumer survey data,1
depersonalization,1
working in adverse conditions,1
"experience: prior work experience isn't always needed to be a research assistant, but for scientific research, prior experience working in a laboratory, even during school, is often required.",1
web page design,1
composing concise promotional copy,1
job postings,1
cutting,1
logical thinking,1
windows shell,1
networking for referrals,1
maintain laboratory equipment and inventory,1
redirecting problems to appropriate resources,1
erecting,1
humor,1
clamping,1
working quickly with accuracy ,1
construction documents,1
training employees,1
working independently,1
corporate,1
followthrough,1
tax reporting,1
delivering goods,1
compliance,1
framing,1
patterns,1
personal ethics,1
automation software,1
managing work orders,1
kitchen safety,1
trial and error,1
tapping information technology to facilitate decision making,1
evaluating the performance of agencies and contractors,1
have a positive attitude.,1
upselling,1
xml database management systems,1
analyzing expenditures,1
"development, entrepreneurialism",1
presentation,1
python,1
clear communication,1
proper use of search engines,1
conduct statistical analyses of data sets,1
integrating interactive elements with websites,1
order amenities for guests’ rooms,1
employee benefits,1
agile scrum team,1
recommending process improvements,1
teamwork skills,1
benefits calculation,1
conflict resolution,1
business analytics,1
commitment to quality,1
hysterosalpingogram procedures,1
incorporating the right data to support storylines,1
efficient,1
chemical use,1
quickbooks,1
demonstrating products,1
product enhancement,1
practicing sterile techniques,1
insulation,1
dhcp,1
quantitative analysis of research data,1
cleaning surfaces prior to painting,1
independence,1
process management,1
research,1
quantitative,1
formatting,1
learn and comply with building codes,1
stress management,1
punctual,1
tactfulness,1
building housing additions,1
think of examples and short stories of how you have applied these skills to generate positive results in the past.,1
debugging,1
best practices,1
interviewing,1
"screening applicants for jobs, staffing",1
administrative assistant resume,1
profit and loss,1
provided friendly and attentive responses to customer queries and issues.,1
accrual accounting,1
health and safety,1
management,1
communicating with parents and the community.,1
devising plans for new business,1
spatial reasoning,1
facilitating meetings and discussions,1
advising,1
applied for and received two prestigious grants: national institutes of health immunotherapy training grant and american cancer institution training grant.,1
"observational skills: research assistants need to be able to work in a highly accurate manner, paying close attention to detail and keeping records of their work.",1
revising,1
analyzing data,1
"taking temperature, pulse, respiration, and blood pressure",1
unix,1
risk analysis,1
lie detection,1
time management ,1
training,1
repairing damaged framework or other structures and fixtures,1
able to read and understand contracts,1
finishing,1
"receive visitors: a receptionist might be able to deal with a client's needs himself, but often directs them to the proper personnel or location.",1
consumer behavior,1
handle pressure,1
hardware description language (hdl),1
measuring hr outcomes,1
devising research models to study hr issues,1
"microsoft office,",1
metallurgy,1
interviewing experts,1
taking dictation,1
"the process begins with analyzing your audience and defining their perceptions of your product, service or idea. ",1
shape,1
teaching,1
actively listening to patient concerns,1
interacting with clients in pain,1
"knowledge of local dining, entertainment, theater, shows, and events",1
visually representing ideas,1
directing clients,1
observing students and colleagues and predicting their needs.,1
financial planning,1
wireframes,1
follow instructions,1
employee rights,1
calculating quantities of wallpaper,1
current fitness trends,1
planning promotional events,1
physical endurance,1
model making,1
willingness to work unusual shifts,1
consistency,1
presentation software,1
"computer (pc, mac, tablet)",1
efficiency,1
cutting costs,1
contracts,1
withholding,1
integrity,1
developing concepts for new products,1
deferral transactions,1
creating models for three-dimensional forms,1
analytical skills: research assistants are often asked to collect and analyze data and to manage and update existing databases. they might also conduct literature reviews or field research.,1
department maintenance,1
resolving complaints,1
construction administration,1
storyboard creation,1
strategic thinking,1
performance measuring,1
microsoft asp.net mvc,1
distribute printed materials,1
employee relations,1
confidence building.,1
people,1
self-confidence,1
"construct your resume with action words that correspond to the skills in this list, especially those key skills that are highlighted in the job description for your target position.",1
configuration,1
wood quality,1
payroll journal entries,1
spanish,1
technical recruiting,1
neatness,1
assessing factors impacting productivity,1
financial systems,1
able to leverage education in accounting to accurately balance books and perform budgeting and purchasing functions.,1
plan projects,1
retrograde urethragrams,1
networks,1
using bookkeeping software programs,1
knowledgeable of industry regulations,1
"technology skills: you'll be using a complex telephone system, probably one featuring multiple internal and external lines that you must keep operating smoothly. you might also have to be familiar with spreadsheets, word-processing software, your company’s email and file-sharing systems, and possibly several social media platforms.",1
"deft facilitation of all phases of bench research, to include experiment design and execution, laboratory management, compliance monitoring, and careful research documentation.",1
calculating dimensions,1
reference checking,1
genuine.,1
training assistants and apprentices,1
"digital calendars (google, outlook, etc.)",1
advocating for others.,1
transporting patients,1
front desk operations,1
meal planning and preparation,1
stocking,1
"create diagrams, drawings, and charts to explain product usage",1
coordinate office activities,1
document sharing,1
logo creation,1
inspect systems once installed,1
conceptual thinking,1
communicate brand,1
phone etiquette,1
refinishing,1
"time-management skills: when dealing with data and statistics, it’s important to be able to meet project deadlines and manage your time to accomplish your goals.",1
managing time in and out of the classroom.,1
marking head levels,1
"i can easily build rapport with clients, vendors, and project stakeholders both in person and in writing.",1
architectural codes,1
promoting business,1
office administration,1
conducting market research,1
willing to try new things.,1
consulting with physicians,1
understanding the design,1
work well under pressure to meet deadlines,1
courtesy,1
labview,1
display building,1
web support,1
resourceful,1
surveying,1
company policies,1
writing,1
friendly,1
cisco,1
word processing,1
cold calling,1
forwarding phone calls,1
cash register use,1
close vision,1
engineering,1
kpi software,1
ranking,1
setting prices to maximize profit and sales volume,1
handling constructive criticism,1
fast learning,1
have compassion and empathy.,1
business management,1
memory,1
electronic performance evaluations.,1
electrical,1
interviewing candidates for jobs,1
native advertising,1
maintains high expectations,1
dropbox pro,1
knife cuts,1
purchasing materials,1
arrange transportation,1
event coordination,1
curate content,1
implementing,1
artistic ability,1
solving problems,1
decision making,1
building systems,1
mathematics ,1
"engaging communications talents, with native fluency in written and spoken english and a basic command of spanish",1
zoning codes,1
developing rapport with clients,1
choosing the right tools for the job,1
ui/ux,1
mechanical reasoning,1
"weld in various positions (flat, curved, overhead, vertical, etc.)",1
identifying theme,1
customer relations,1
maintaining work areas,1
published and/or presented research findings at national conferences.,1
skilled in training undergraduate and graduate students in safe laboratory research and maintenance procedures.,1
diagnosing hardware,1
planning,1
concentration,1
coordinating colors and patterns,1
"tolerating potentially dangerous, noisy, or unpleasant working conditions",1
directing customers,1
management cover letter examples,1
technical documentation,1
cash flow management,1
transactions,1
clerical,1
calendars,1
passion,1
note taking,1
recall customer programs,1
first aid training,1
interpreting financial data,1
technology,1
multilingual,1
business storytelling,1
basic care services,1
mba,1
be supportive.,1
team building,1
understand information design and architecture,1
estimating costs,1
reviewing websites for examples of promoting products / services,1
menu design,1
health regulations,1
applying geometry,1
statutory compliance,1
microsoft office software.,1
monetary exchange,1
ad design,1
review updates and changes in state and local plumbing codes,1
maintain store standards,1
moderate sales,1
helped to implement loss prevention strategies that reduced shoplifting by 60%.,1
have a sense of humor,1
report writing,1
presenting,1
iso speeds,1
cpr certification,1
strong vocabulary,1
assessing bone density,1
mobile devices,1
nailing,1
assembling scaffolds,1
execution,1
spark,1
planning projects,1
positioning patients,1
ornamental design,1
prioritizing,1
patient,1
greeting employees,1
willingly work weekends and overtime to ensure optimal project outcomes.,1
greeting customers,1
quantitative data,1
administrative skills,1
client server management,1
notes,1
abstraction,1
sense of humor,1
culinary expertise,1
dealing with difficult people,1
hyperion,1
color,1
responding to threats to brands,1
relationship management,1
meetings,1
pre-employment screening,1
convincing customers to persevere with platforms,1
labor specialization,1
"file sharing programs (dropbox, google drive, etc.) ",1
databases.,1
videoconference preparation,1
spirit level,1
respectful,1
listening to the concerns of family members,1
forming a thesis,1
food science,1
office duties,1
web navigation.,1
cleaning bar equipment,1
achieving results,1
listening to and respecting the concerns of the client,1
collect information: this is most common for those who work in medical facilities. they might be charged with gathering personal information from new patients and confirming insurance coverage.,1
working quickly and accurately,1
persuasive,1
printing,1
hvac work,1
store services knowledge,1
work closely with technical and non-technical team members,1
organizing,1
saas,1
forensic science technician: $59.150,1
cooking,1
bearing,1
generate help files and faqs,1
slicing,1
application installations,1
imagination,1
speaking with clarity and avoiding jargon.,1
good listener,1
php,1
planning meetings,1
hospitality,1
accept feedback,1
applying ethical standards to workforce management ,1
source ingredients,1
adherence to policies and procedures,1
well-tuned palate,1
prioritizing workflow,1
operating picture archiving and communications system (pacs) ,1
develop and maintain standard operating procedures (sops),1
data migration,1
persuading,1
"schedule clients and customers: most receptionists are responsible for scheduling clients and customers to meet with personnel, or they'll schedule personnel for off-site duties, such as court appearances and meetings.",1
coaching,1
maintaining proper ventilation,1
cystograms,1
knowledge of physiology and exercise physiology,1
"top 10% annual salary: $29,540",1
memory management,1
sql,1
banquet dining,1
calculating costs,1
listening,1
typing speed (wpm),1
willingness to learn,1
travel arrangements,1
artistic.,1
innovation,1
setting expectations and goals.,1
ppe (personal protective equipment),1
diplomacy,1
financial management,1
time management,1
electronic presentations.,1
using the rhetorical triangle,1
shooting film,1
client acquisition,1
yoast,1
assessing vital signs,1
ability to follow directions,1
dns,1
payroll,1
arrange package delivery and pick up,1
conceptualization,1
interpersonal skills,1
professionalism,1
genuine,1
conceptual,1
less accounting,1
c++,1
converting scale from blueprints,1
active listening ,1
directing,1
accounts payable,1
answering telephones,1
error correction,1
verbal communication,1
relational database management systems (rdbms),1
identifying the interests and preferences of stakeholders,1
training helpers,1
take initiative,1
taking notes,1
financial analysis,1
sas,1
professionally promote resort activities to guests,1
practice management,1
attention (time) management,1
cataloging,1
be interpersonal,1
calculate basic math,1
education: receptionists are typically required to have a high school diploma or equivalent.,1
qualitative analysis of research data,1
standardize product content,1
math level,1
marking,1
discernment,1
observation,1
assessing the needs of employees for training,1
quality awareness,1
issue tracking systems (its),1
dynamic,1
ability to learn digital design software,1
video conferencing,1
revit,1
online searches,1
detail-oriented,1
training: training is often on the job and specific to the needs of the particular industry or company.,1
consulting,1
defining your classroom style.,1
bagging calculations,1
adobe photoshop,1
managerial,1
devising rewards and loyalty programs,1
deductive reasoning,1
supervision,1
scheduling multiple projects in coordination with other contractors,1
"focus, goal orientation",1
typing from dictation,1
computer processing,1
managing cash drawers,1
sizing,1
student mentality,1
data settings,1
establishing a rapport with the patient,1
"share your skills in your job interview:to position your job application for success, try to mention and provide specific examples of your expertise in these carpentry skills during your interview.",1
bank reconciliation,1
flexibility,1
good judgment,1
presentation writing,1
intimate knowledge of menu items,1
employer rights,1
"communication skills: your primary job is to greet people. find out what they need, and help them get it. most of this communication will be verbal, either in person or by telephone.",1
accuracy,1
"include resume statements that demonstrate impact and results produced. lead with words like increased, enhanced, revamped, and improved that point to value added.",1
self-direction,1
compassion for patients,1
writing notes and emails about clients,1
disclosure agreements,1
payroll tax calculations,1
influencing others,1
ordering supplies,1
conflict resolution ,1
choosing fonts,1
product management,1
working with reviewers,1
coding,1
investment principles,1
copyediting,1
tips (training for alcohol intervention procedures),1
leading group presentations,1
maintaining records,1
supervising,1
devising employee selection criteria,1
computer skills,1
lighting,1
payments,1
issue resolution,1
branding,1
appliance installation,1
travel planning,1
inspecting,1
office equipment,1
virtual advertising,1
creating good rapport,1
illustration,1
"installing pipe systems for gas, water, steam, and other liquids",1
bonuses and commissions,1
bidding,1
feeding patients,1
qualitative skills,1
waxing,1
delivering presentations,1
"top 10% annual salary: $78,800",1
creating and managing expectations,1
analytical ability,1
auditing,1
counseling,1
style,1
tax software,1
facilitating group discussions,1
brainstorming themes for advertisements,1
willingly stepped up to cover other employees’ shifts in diverse store roles.,1
ordering,1
wave accounting,1
drilling,1
accountable,1
fixtures,1
residential construction,1
using adding machines,1
running office machines,1
repairs,1
depreciation,1
benefits,1
productivity,1
lifting clients,1
help desk reporting systems,1
taking messages,1
fluoroscopy,1
grounds maintenance,1
multi-tasking,1
filemaker pro,1
digital media,1
punctuation,1
cash handling,1
greeting guests,1
mixing paints,1
follow safety protocols,1
judgement,1
solving marketing problems using qualitative analysis,1
organization,1
policies and procedures,1
building rapport,1
meeting deadlines,1
flooring,1
be a positive role model.,1
art design,1
professional demeanor,1
monitoring alcohol consumption,1
analytical skills,1
"four years’ progressive experience in retail store operations, with a strong proficiency in the use of pos technologies including barcode scanners, cash registers, telephones, receipt printers, and debit/credit card readers",1
relationship building,1
help desk,1
time & billing,1
office support,1
strategies for addressing performance problems,1
directions,1
analyzing consumer demographics and preference,1
technical knowledge,1
friendly demeanor,1
collaborating with designers to create logos,1
editing,1
google docs,1
masonry,1
personal training techniques,1
self-motivated,1
poise,1
nonprofit accounting,1
apis,1
management resume examples,1
stress tolerance,1
maintain focus,1
bilingual,1
cleaning,1
approaches to cultivating workplace diversity,1
results oriented,1
enterprise systems,1
overtime,1
case notes,1
personal protective equipment (ppe),1
modifying designs,1
heavy lifting,1
hazardous materials,1
following blueprints and building plans,1
resolving scheduling problems,1
object oriented database management systems (oodbms),1
light housekeeping,1
data processing,1
electrical codes,1
achieving goals,1
strong knowledge of local area,1
greet guests,1
developing social media strategy,1
obstacle removal,1
"promoted within one month of hiring to key holder status based upon proven responsibility, maturity, and a perfect work attendance record.",1
scraping and sanding to smooth surfaces,1
java,1
"an unparalleled dedication to providing excellent service, proactively defining individuals’ needs to ensure a positive customer experience",1
sales volume,1
review print and online resources to gather information,1
business plans,1
schedule activities,1
legal,1
versatility,1
steam fitting,1
"maintain supply of brochures, flyers, handouts, and maps",1
diligence,1
being emotionally intelligent.,1
ensure consistency ,1
developing performance appraisal forms and processes,1
managing a team,1
adobe illustrator,1
recognizing problems,1
drywall,1
consistently exceeded all established sales targets by more than 20% for each year of tenure.,1
content production,1
synthesizing data.,1
oral communication,1
predicting,1
restructuring,1
selected by manager to train new hires in cash register use and cash handling procedures.,1
microsoft excel,1
ask colleagues you admire to observe your teaching skills and offer tips for improvement along with things you're doing well.,1
html,1
ez pipe,1
arm and hand strength,1
accepting payments,1
setting up the classroom and creating methods to keep it orderly.,1
artificial intelligence,1
education: research assistants are usually required to have at least a bachelor's degree in the field of study that the research is in. coursework varies greatly depending on that field.,1
taking risks,1
problem sensitivity,1
diagnosing equipment problems,1
budget management,1
cash register,1
summer sales associate resume,1
control labor costs,1
managing student behavior.,1
customer service soft skills,1
achievement,1
driving a car (and having reliable transportation),1
building contracts,1
design strategy,1
business acumen,1
"check facts, proofread, and edit research documents to ensure accuracy",1
manage content,1
scrubbing,1
cash management,1
value-added analysis,1
displays,1
"a ph.d. in molecular biosciences from northwestern university, with publications in journal of molecular research and immunology and cell biology.",1
refurbishing,1
administrative,1
tech support,1
baking,1
building communities.,1
information ordering,1
earned multiple “employee of the month” awards.,1
realistic.,1
cisc and risc architecture,1
being relatable.,1
knowledge of hotel / resort features,1
customer service manager resume,1
blog writing,1
wage and salary calculation,1
content distribution,1
website analytics,1
public relations,1
technical skills: research assistants may need to set up and operate lab equipment and instruments.,1
evaluating employee performance,1
adhering wallpaper,1
lifting and control devices,1
selecting or recommending appropriate paint for the job,1
permits,1
wrapping purchases,1
software upgrades,1
risk management,1
proposing new products and services,1
transporting clients to appointments,1
editorial agendas,1
interpreting blueprints,1
mark-ups,1
job descriptions,1
personable,1
washing floors,1
hha (home health aide) certification,1
evaluating models for compensating employees,1
assembling,1
mechanical aptitude,1
google analytics,1
"nerves of steel: if an emergency develops in or in front of your place of business, you might be the first person who must respond and decide what to do.",1
multi-tasker,1
maintaining financial records,1
"asking the hard questions and addressing the ""what ifs.""",1
encouraging.,1
"an excellent knowledge of immunology and molecular biology research skills such as tissue sampling, culture, and processing, dna gel extraction and quantification, western blots, pcr, qpcr, ddpcr, ngs, gel electrophoresis, reagent preparation, and light and fluorescence microscopy.",1
detecting changes in molten metal flows,1
information management,1
solving problems and creating solutions.,1
aligning wallpaper patterns,1
stamina,1
reading comprehension,1
mobile applications,1
accommodate guest requests,1
evaluating product packaging options,1
projecting fiscal balances,1
applying digital resources to resign projects,1
diagnose plumbing and piping problems,1
finishing/refinishing floors,1
software troubleshooting,1
search engine optimization (seo),1
software installation,1
"interpersonal skills: you'll work closely with various people. if an important meeting falls through, you might have to explain why. if someone is having a bad day, you could bear the brunt of it and responding appropriately can be critical.",1
identifying the building process,1
prepare internal and external technical documents,1
knife control,1
reviewing website models for promoting products/services,1
storytelling,1
identifying those features or aspects of what you are marketing that will be most appealing to your audience is essential. ,1
router troubleshooting,1
credit card processing,1
documentation,1
keeping and maintaining records.,1
environmental awareness,1
training student staff,1
microsoft word,1
database architecture,1
placement management,1
empathy,1
people-oriented,1
computerized tomography,1
tax filing,1
"in small stores, all personnel may take their turn at the cash register, no matter what other responsibilities they have.",1
"spend time observing other teachers, especially those who seem to connect well with the students.",1
"attending and running meetings with students, parents, colleagues, and administrators.",1
translating data,1
people oriented,1
calculations,1
"the ability to read, write, and speak effectively",1
negotiating,1
"environmental science and protection technician: $46,540",1
metal finishers,1
aesthetic sensibility,1
brazing torch,1
preservation,1
getting along with coworkers,1
quark,1
marking color breaks,1
troubleshoot system failures,1
chef resume example,1
dealing with objections,1
recordkeeping,1
design reviews,1
maintain menu books for local restaurants,1
knowing and adapting to an audience.,1
automated marketing software,1
quicken,1
interpreting statistics,1
prioritization.,1
perceptivity,1
negotiating agreements for services,1
manipulating statistical packages,1
working sketches,1
quarkxpress,1
calculating appropriate retail pricing for products,1
enthusiasm,1
acrobat,1
remote access software,1
microsoft office suite,1
agility,1
quality of food,1
billing,1
news writing,1
price setting,1
courtesy calls to vip guests,1
knowledge of anatomy and physiology,1
bookkeeping,1
inventory,1
active listening to family members,1
running errands,1
explaining procedures to patients,1
"spreadsheets, excel",1
polishing furniture,1
devise structure,1
bonding,1
evaluating advertising proposals,1
automated billing systems,1
ability to work autonomously,1
form,1
make and confirm reservations,1
concrete,1
 electrical repairs,1
treating patients with respect,1
commitment,1
performing magnetic resonance procedures,1
ironwork,1
setting prices for services,1
punch lists,1
help users understand intricate and technical information,1
send pre-stay correspondence,1
financial modeling,1
vendor relations,1
pleasant,1
"library technicians and assistants: $29,050",1
observational,1
giving and following directions,1
data analysis,1
content management systems (cms),1
ruby on rails,1
desire to exceed expectations,1
training customers to use technology,1
xml,1
proposal writing,1
electronic filing,1
being aware of body language.,1
food service management,1
averaging,1
studio design,1
optimization,1
gaap,1
estimating types of materials required for projects,1
problem solving skills,1
trim,1
zoho books,1
circumstantial awareness,1
reviewing images for quality,1
troubleshooting,1
"safely transferring patients from bed to a chair, wheelchair, or toilet",1
style guides,1
cook resume and cover letter examples,1
articulating,1
newsletters,1
following directions from designers/decorators,1
reporting,1
maneuvering ladders,1
correspondence,1
utilizing tools to assemble components,1
providing companionship,1
mediation,1
sustainable design,1
guest relations,1
following directions,1
maintaining patient confidentiality,1
mechanical reasoning ,1
interacting effectively with a diverse clientele,1
timeliness,1
pipe fitting,1
benchmarking,1
expense reports,1
washing windows,1
economize,1
installing sinks and faucets,1
utilized adobe creative suite to create visually engaging new marketing brochures and a monthly newsletter.,1
"if you have trained others in specific cashiering skills, emphasize this point on your resume.",1
market research,1
inventory software systems,1
sanitation,1
"bottom 10% annual salary: less than $20,072 ($9.65/hour)",1
quality assurance,1
proactive,1
creativity,1
team player,1
analyzing business problems,1
written communication,1
bar tending,1
providing constructive criticism,1
"measuring, cutting, and shaping wood, plastic, and other materials",1
sweeping,1
cabinet building,1
convincing customers to invest in new systems,1
interpersonal,1
"project management software (asana, jira, etc.) ",1
the principles of nutrition,1
be understanding.,1
construction,1
supportive,1
adobe acrobat,1
"organization: you'll be the nexus of a large part of your employer’s internal communication, so you’ll not only have to keep yourself organized but you’ll have to keep everyone else organized, too. you might be responsible for stocking and straightening reading materials or informational resources in your waiting area as well.",1
using analysis on financial scenarios,1
"bottom 10% annual salary: $28,190",1
reconciling balance statements,1
being observant,1
following scripts,1
facilitating,1
financial advising,1
passionate for fitness,1
working quickly,1
lenses,1
rough to finish,1
operating and maintaining exercise equipment,1
estimating,1
interacting with distressed patients,1
virus protection software,1
linux/unix,1
results-oriented,1
statistics,1
plumbing repairs / repairing pipe systems,1
written communications,1
environmental codes,1
assertive,1
soldering iron ,1
write and organize instructional documents,1
estimation,1
using calculators,1
spacing,1
self-control,1
confirm flights and print boarding passes,1
local foods,1
cost analysis,1
general construction,1
precision ,1
buffing,1
systems administration,1
hiring,1
explaining technical information clearly,1
meal ingredients,1
nosql,1
development,1
nurturing,1
event planning,1
discipline,1
payment processing,1
telephone,1
data entry,1
applying principles of hydronics,1
content programming,1
"cloud backup software (dropbox pro, carbonite, etc.)",1
carpentry,1
caring,1
adaptability,1
virtual meetings.,1
maintain and update document library,1
professional appearance,1
appearance,1
ability to learn new software and hardware,1
be a team player.,1
building relationships.,1
renovations,1
verbal communications,1
cost reduction,1
mailings,1
hand-eye coordination,1
vision,1
planogram changes,1
field-programmable gate array (fpga) development tools,1
conducting online chats,1
closing,1
reports,1
establish tone,1
greeting,1
teamwork ,1
employee development,1
trimming,1
infographics,1
informative ,1
adobe dreamweaver,1
basic life support (bls),1
handling criticism from editors and readers,1
greeting clients,1
operating systems,1
collaboration,1
assessing progress towards departmental goals,1
evaluating the validity of research,1
typing,1
preparing estimates for customers,1
freshbooks,1
onboarding,1
verbal and physical communicating,1
print writing,1
friendliness,1
assertiveness,1
operating painting equipment to spray large surfaces,1
author meetings,1
teaching customers how to work around product limitations,1
iwork keynote,1
computer,1
web analytics,1
multiline phones,1
applying social science theories to workplace issues,1
communication,1
returns,1
dinner reservations,1
provide solutions to product issues,1
ip configuration,1
design concepts,1
tracking seasonal promotions,1
attentive,1
composing concise promotional copy for twitter,1
setting boundaries.,1
conducting media research,1
accommodating diverse clientele,1
continuous learning,1
order processing,1
writing executive summaries,1
demolition,1
manual dexterity,1
determining keywords for search engine optimization strategies,1
honesty,1
securities,1
node.js,1
ms excel,1
retail site selection,1
spelling,1
food regulations,1
catering,1
airport transportation,1
"achieving goals,",1
quantitative skills,1
analysis of technical issues,1
remodeling,1
magazine writing,1
monitor and replenish lobby refreshments,1
investigated modulation of responses to antitumor effector cells and tumor rejection.,1
portfolio performance reports,1
recruiting,1
proactively increased knowledge of newly launched products to inform creation of unique displays and talking points.,1
helpful,1
developing radiographic images,1
rigging,1
entrepreneurial,1
support systems,1
calling clients,1
ms word,1
territory management,1
autocad,1
fluent written and oral communications skills in english and mandarin chinese.,1
the willingness and flexibility to work multiple shifts and overtime as warranted,1
motivational,1
construction management,1
fixing leaking and clogged lines,1
marketing organizations to prospective employees,1
taking reservations,1
assisting patients with toileting,1
interpreting sketches,1
conflict management,1
detail oriented,1
balancing artistry with audience appeal,1
"verbal, writing and public speaking skills, when refined, will help you to convey your pitch clearly, and creativity will help you to capture the attention of your audience.",1
prepare graphs and spreadsheets to portray results,1
point of sale systems,1
social perceptiveness,1
composing marketing emails,1
trial balance,1
list your statements in order of relevancy to the priority qualifications of your target job.,1
ask students open-ended questions to get a good idea of how they feel about your teaching skills. encourage dialog regarding their experiences in your classroom.,1
installing structures and fixtures,1
monitoring actions,1
attentiveness,1
enthusiastic.,1
diplomatic,1
screening calls,1
bathing clients,1
experience: knowledge of computer programs and software can be helpful because many of a receptionist's tasks are expedited by technology.,1
project coordination,1
instructing customers regarding use and maintenance of systems,1
journalism,1
journal entry,1
physical stamina,1
prioritization,1
"customer service representative: $32,890",1
cost control,1
significant use of memory,1
pitching marketing plans to group,1
documenting work,1
composing direct marketing communications,1
knife skills,1
presenting to groups,1
dexterity,1
feedback,1
"respond to incoming mail: this includes both email and paper mail, typically directing each to the proper personnel.",1
collecting information.,1
internet,1
priming surfaces,1
timely and accurate documentation of patient contacts,1
learning and remembering medical and pharmaceutical terms,1
calm,1
exchanging purchases,1
division of work,1
advertising,1
hardware verification tools and techniques,1
taxation,1
sales,1
"describe the situations you were confronted with, the actions you took (emphasizing skills applied), and the results of your interventions.",1
copyright law,1
appointments,1
retouching,1
identifying audience,1
first aid certification,1
overcoming obstacles,1
visualization,1
aesthetics,1
planning distribution of products,1
classroom management software and systems.,1
sales associate cover letter,1
orienting new staff,1
excellent oral and written communication skills in english and mandarin chinese leveraged to effectively describe research statuses and findings to stakeholders and at scientific conferences.,1
brand awareness,1
"installing appliances like refrigerators, dishwashers, water softeners, and water heaters",1
reconciliations,1
customer relationship management (crm),1
sorting and delivering mail,1
it software,1
customer care,1
ongoing learning,1
diagnostics,1
hand tools,1
kitchen management,1
data analytics,1
proactively addressing issues with students and colleagues.,1
product knowledge ,1
door to door sales,1
loss prevention,1
waiter/waitress skills,1
general ledger,1
"energetic and dedicated team player, willingly working multiple shifts and overtime to ensure uncompromised coverage of cashier stations.",1
drawing consensus,1
communicate sales and promotions,1
influencing,1
bus tables,1
compassion,1
inventorying supplies,1
confidentiality,1
punctuality,1
coordinating,1
color theory,1
focus,1
business sense,1
mixology,1
"writing reports, instructions, and correspondence.",1
safety conscious,1
electronic image handling,1
maintain and post daily event schedule,1
grinders,1
"eight years’ bench experience within academic research environments, with firm command of all laboratory setup, planning, research, and reporting protocols.",1
painting,1
meeting planning,1
protecting the confidentiality of sources,1
highly organized,1
gauging what will interest readers,1
resourcefulness,1
payment types,1
data encryption,1
identifying joints,1
reading blueprints,1
portion sizing,1
handle criticism,1
employment law,1
highly driven,1
operations,1
handling returns,1
answer phones,1
analytics,1
design to delivery,1
coordination,1
hygiene,1
office supplies,1
analytical,1
hardware,1
central reservations systems (crs),1
labor relations,1
using soldering techniques,1
persuasion,1
nutrition,1
helping patients in the shower,1
account management,1
debits and credits,1
presentation skills,1
dressing patients,1
grilling,1
measuring,1
energetic,1
estate planning,1
voicemail,1
staying goal-oriented,1
stock replenishment,1
educating sales staff regarding brand viability,1
photography,1
facilitating focus groups,1
teamwork,1
mathematical,1
osha safety requirements,1
industrial design,1
data structures,1
software programming,1
desktop publishing,1
erp software,1
application support,1
inventory transactions,1
manage documentation process,1
hql,1
recommending suitable food and drinks,1
identifying process improvements,1
part and material inspection,1
applying principle of segmentation to marketing cases,1
selecting and training brand ambassadors,1
content marketing,1
developing training models,1
sage,1
develop style guide,1
sourced and secured cost-effective travel and entertainment vendors reducing travel expenditures by 15%.,1
mindful.,1
usability,1
sheet metal work,1
forecasting,1
cna (certified nursing assistant) certification,1
retail operations,1
greeting visitors,1
facility with personal training software,1
fair labor standards,1
documents,1
set up special packages,1
sorting,1
labor laws,1
"mention your education: if you’ve participated in an apprenticeship program, attended a trade school or community college, or have other formal education, mention it in your applications and interviews.",1
quotas,1
email marketing,1
people skills,1
reception,1
researching and selecting media outlets for advertising/promotion,1
error logs,1
mathematics,1
deadlines,1
changing adult diapers and cleaning patients ,1
adherence to safety procedures,1
applicant screening,1
"definitely be sure to include any awards you have earned, such as “employee of the month.”",1
roofing,1
modem hardware troubleshooting,1
editorial calendars,1
conducting focus groups,1
multitask assignments,1
deciphering nonverbal cues from patients regarding pain,1
installation,1
larger locations typically maintain an entire division of associates who work primarily or even exclusively as cashiers.,1
fire safety,1
ethics,1
trained and supervised 10 lab workers and mentored three undergraduate lab assistants.,1
web api,1
charisma,1
content promotion,1
logistics,1
ap style,1
answer email,1
image manipulation,1
selecting equipment for the project,1
purchasing supplies,1
service,1
"assisting patients with hair care, dental care, and shaving ",1
helping patients to utilize adaptive devices,1
accounting software,1
solving equations,1
making appointments,1
physical assessment,1
completing paperwork to document services rendered,1
give feedback,1
budgeting,1
building construction,1
swot analysis,1
hotel kitchen,1
backup management,1
computer knowledge,1
work independently,1
finance,1
shopping,1
evaluating,1
brand promotion,1
software,1
attention to detail,1
sanding,1
visual merchandising,1
process analysis,1
assessment,1
negotiating rates and terms,1
integrated development environments,1
open-source software (oss),1
conforming to deadlines,1
javascript,1
monitoring industry trends,1
devising marketing plans,1
"if you have used specific point-of-sale systems, mention these by name.",1
food safety,1
adhering to strict schedules and deadlines.,1
gather user feedback ,1
excellent planning and organizational skills,1
computer architecture,1
purchasing,1
hiring helpers,1
swiftly promoted from bagger to cashier based on excellent mathematical and customer service aptitude.,1
diagnosing software,1
directing visitors,1
sensitivity to food allergies/intolerance,1
document layout,1
implementation,1
screening and directing calls,1
spss,1
active listening,1
replacing defective parts,1
checking identification,1
displaying samples,1
take initiative,1
taking orders,1
knowledge of kinesiology and biomechanics,1
hr software,1
able to process sensitive data and handle all correspondence and dictation with uncompromised integrity and confidentiality.,1
product selection,1
building codes,1
working under stress,1
compensation,1
pcb layout review,1
politeness,1
adobe creative cloud ,1
inventory management,1
caring about the details.,1
respond to inquiries,1
employee engagement,1
repairing electrical fixtures,1
partnered with store management to design and implement planogram changes that improved traffic and average customer time spent in store by 35%.,1
mopping,1
problem analysis,1
equipment handling,1
answer phone,1
email management,1
neutrality.,1
communication strategy,1
building productive relationships,1
communications skills,1
canva,1
message taking,1
routing phone calls,1
goal-oriented,1
financial concepts,1
critical thinking,1
resizing,1
financial reporting,1
adobe indesign,1
product knowledge,1
booking tours,1
point of sales systems,1
deck planning,1
digital imaging,1
deck construction,1
team focus,1
product enthusiasm,1
handling money,1
assigning work to assistants,1
prioritizing ,1
passionate about learning.,1
transcription,1
high noise,1
inventory rotation,1
openness to learn,1
bookkeeping software,1
positive attitude,1
excellent grammar and punctuation,1
social media,1
able to embrace ambiguity.,1
calendar & docketing,1
implementing procedures,1
g suite for business,1
"greeted customers, scanned grocery items, handled cash and credit transfers with 100 percent accuracy.",1
drawing,1
adherence to safety standards,1
trade licensing,1
managing expectations,1
high-resolution imaging,1
courage,1
cleaning up work space and equipment after jobs,1
media,1
store reward programs,1
analysis,1
filing,1
sap,1
customer service resume ,1
technical support,1
email,1
content tracking,1
adobe flash,1
sanitary practices,1
formulas,1
scheduling,1
content quality assurance,1
creating budgets for business units,1
completing analyses of competitors / competitive analysis,1
intrusion detection,1
maintenance,1
tcp software,1
actively listening to customer preferences,1
balance,1
faxing,1
organized,1
collaborative,1
engaged.,1
hands-on assistance,1
resolving problems with customers,1
talent management systems,1
evaluating job candidates,1
direct marketing,1
production,1
entertaining personality,1
design,1
guest services,1
interacting calmly with agitated customers,1
communicating medical information to family members after doctor's visits,1
motivation,1
removing wallpaper,1
hand and arm strength,1
meeting management,1
assertiveness.,1
documenting procedures,1
evaluating talent,1
flexibility ,1
collaborate,1
client retention,1
establishing rapport with customers,1
printing layout,1
merchant processing,1
maintaining schedules,1
framing communication toward specific audiences,1
researching and selecting media outlets for advertising / promotion,1
content review,1
communicating,1
power tools,1
quality control,1
"a perfect attendance record and unparalleled work ethic, as evidenced by four “part-time employee of the month” awards",1
responsibility,1
determined,1
networking.,1
interviewing family members and patients to assess preferences,1
"median annual salary: $47,510",1
content development,1
working with numbers,1
shell,1
provide information on hotel services,1
malware reversal,1
affective exercises,1
"professionalism: you’re the first person a client or other visitor sees upon arriving. you’re their first impression of your employer. you should embody your company’s ideals, both in your behavior and in your appearance.",1
indesign,1
seeing issues ahead of time and knowing where to get help.,1
executing customer service,1
caring for clients with impaired memory,1
cutting and trimming metal objects to dimensions,1
lead generation,1
spreadsheet creation and management.,1
marketing,1
balancing concern for individual workers and organizational interests,1
composition,1
cashier,1
developing and delivering lessons appropriate for your audience.,1
web writing,1
following the directions of nurses and doctors,1
key performance indicator (kpi) software,1
archiving,1
mentoring junior staff,1
pitch creation,1
passion for work,1
enthusiastic,1
customer satisfaction,1
fixing tools,1
mail,1
team management,1
"median annual salary: $45,860",1
negotiation,1
identifying material costs,1
confidence,1
managing budgets,1
pastry,1
alzheimer's and dementia care,1
proofreading,1
computer-aided design (cad),1
nasm or other national certification,1
team working,1
compromising,1
applying algebra,1
editing software,1
compassion.,1
professional,1
experimenting,1
cleaning sewer lines,1
leading.,1
depositing payroll taxes,1
laundering clothing,1
photo editing,1
dependable,1
final manuscript production,1
financial engineering,1
uncertainty removal,1
ruby,1
reporting payroll taxes,1
accounting,1
comprehending technical documents,1
being efficient,1
microsoft powerpoint,1
mergers ,1
equal employment opportunity compliance,1
initiative,1
strategic planning,1
follow technical instructions,1
public speaking,1
welcome visitors,1
writing press releases,1
responding favorably to criticism,1
ticketing systems,1
dslr cameras,1
taking x-rays of various body parts,1
statistical skills,1
personal relations,1
visual displays,1
financial data,1
applying principles of differentiation to marketing plans,1
delegation,1
composing proposals,1
analyzing legal issues in human resources,1
furniture making,1
telephone etiquette,1
representing figures in space with a balanced perspective,1
remaining calm with agitated patients,1
promoting additional products and services,1
presentation preparation,1
processing criticism about campaigns,1
review documents for completeness and accuracy,1
balance sheets,1
problem-solving,1
fillet and butt weld gauges,1
background checks,1
tourism knowledge,1
booking services,1
empowerment,1
inspirational,1
evaluating new equipment and technology,1
flash photography,1
creating financial reports,1
leadership in energy & environmental design (leed),1
identify problems,1
patience,1
testing,1
show compassion,1
formality,1
wealth management,1
creative writing,1
recommending cost-cutting measures,1
managing customer expectations,1
change management,1
forging and maintaining interpersonal relationships.,1
office supply inventory,1
securing references ,1
legal familiarity,1
facility with customer relations management software,1
"answer phone calls: this can involve taking messages or directing calls to appropriate personnel, and even directly answering general questions from clients, customers, and others.",1
fabricate metal components,1
adobe illustrator ,1
portion control,1
performing pressure tests on pipe systems,1
close reading,1
feature writing,1
record keeping,1
logic,1
events,1
heat treating,1
food pricing,1
turning patient in bed,1
social media management,1
mobile,1
office management,1
ingredient selection,1
humility,1
wordpress,1
collaborating with other grade and construction workers,1
strictly following radiology safety protocols,1
the flexibility to work weekend and overtime shifts as warranted.,1
computer skills,1
establishing rapport,1
wan/lan,1
reliability,1
malware analysis,1
deadline management,1
drafting,1
helping patients with exercises,1
tax planning,1
decisive,1
produce viable estimates for project costs,1
thoroughness,1
authenticity,1
dreamweaver,1
invoicing,1
planning and preparing lessons.,1
dusting,1
shipping,1
monitor performance,1
"collaborating with students, colleagues, and administrators.",1
quantitative analysis,1
proposing solutions to business problems,1
applicant tracking systems,1
conducting swot analyses,1
multi-lingual,1
supporting students appropriately.,1
high energy,1
journal entries,1
"writing clear and concise emails, memos, and reports",1
"bottom 10% annual salary: $73,350",1
valuations,1
financial statements,1
coordinate guest requests,1
adherence to safety measure,1
performing venipuncture for contrast injections,1
practicing discretion.,1
receiving constructive criticism about artwork,1
flexible,1
hive,1
zoning laws,1
reading and interpreting drawings,1
self-motivation,1
identifying and responding to emergency situations,1
performance management,1
maintaining office records,1
increase customer retention,1
pricing,1
statistical,1
"mastered and utilized state-of-the-art point-of-sale system tools, including cash register, barcode scanner, receipt printer, and debit/credit card reader.",1
calibrating and maintaining radiology equipment,1
administrative support,1
setting up machine tools,1
understanding 2-d and 3-d diagrams,1
mechanical skills,1
stenography,1
color sense,1
employee handbooks,1
multitasking,1
affirmative action,1
success,1
working with others,1
switchboard,1
consultation,1
earned four “part-time employee of the month” awards,1
robotic welding equipment,1
